source_id,ra,dec,pmra,pmdec,parallax_error,phot_g_n_obs,phot_g_mean_mag,phot_bp_mean_mag,phot_rp_mean_mag
2056350802833603968,306.94865364224535,34.62952113335064,NULL,NULL,NULL,38,21.095793,NULL,NULL
2056351627466367616,306.9619202655991,34.70707888789269,NULL,NULL,NULL,52,21.064234,NULL,NULL
2056353242367806592,307.01001482462425,34.73666907325475,NULL,NULL,NULL,140,20.212303,NULL,NULL
2056353379806715392,307.0440581756036,34.734062925314795,NULL,NULL,NULL,75,20.236372,NULL,NULL
2056353792128002304,307.0464329377784,34.77959041275143,NULL,NULL,NULL,85,20.944221,NULL,NULL
2056354307524128384,306.9319810545121,34.78981433499447,NULL,NULL,NULL,0,NULL,NULL,19.728558
2056354719839648512,307.0212313665172,34.82296781415893,NULL,NULL,NULL,123,20.808338,21.219744,NULL
2056355097797849216,306.81371808622504,34.70269457902674,NULL,NULL,NULL,67,21.096706,NULL,20.135506
2056357193740794624,306.82404490265066,34.843539860326935,NULL,NULL,NULL,130,20.955175,NULL,NULL
2056357365542683136,306.9438891202464,34.808348131544996,NULL,NULL,NULL,0,NULL,NULL,19.72075
2056358602490099072,306.85273798167464,34.85496316271491,NULL,NULL,NULL,77,20.906607,NULL,NULL
2056359495848582528,307.08199582906593,34.79671284521803,NULL,NULL,NULL,124,20.545778,NULL,NULL
2056360526638834176,307.0475229508407,34.83424404983471,NULL,NULL,NULL,112,20.86811,NULL,NULL
2056360698438506112,307.08100652818877,34.868688738556926,NULL,NULL,NULL,0,NULL,NULL,19.872713
2056361316914758272,307.1049720797077,34.920932091074164,NULL,NULL,NULL,141,20.234299,NULL,NULL
2056362897460516736,307.1652198595366,34.948191861937374,NULL,NULL,NULL,50,21.070509,NULL,NULL
2056365062121083520,306.9730909049218,34.93873757707079,NULL,NULL,NULL,76,20.87295,NULL,NULL
2056366230355581952,307.10199966797956,35.001850340920484,NULL,NULL,NULL,58,21.009792,NULL,NULL
2056366264716288000,307.1140968446391,35.00535301895473,NULL,NULL,NULL,0,NULL,NULL,19.84467
2056368395019637248,306.76746404426063,34.82044731311481,NULL,NULL,NULL,49,21.034788,NULL,NULL
2056369803766244736,306.6842433578608,34.88694559335049,NULL,NULL,NULL,78,20.972872,NULL,NULL
2056370490962789248,306.8160193131849,34.88082633155461,NULL,NULL,NULL,41,21.087759,NULL,20.078806
2056370628398604160,306.8312811842008,34.90351038582492,NULL,NULL,NULL,169,20.573174,NULL,NULL
2056371453035017856,306.8683166558071,34.97599741265107,NULL,NULL,NULL,0,NULL,NULL,19.455593
2056372689980532992,306.64629773950094,34.88342697723954,NULL,NULL,NULL,104,20.827398,NULL,NULL
2056373445894797440,306.6727813881495,34.93412977188731,NULL,NULL,NULL,131,20.600374,NULL,NULL
2056374236174333312,306.5980853131287,34.9893950736171,NULL,NULL,NULL,86,20.898733,NULL,18.370451
2056376091600172032,306.7303651927803,35.04368355222133,NULL,NULL,NULL,105,20.811148,NULL,NULL
2056376744434765824,306.71840323438977,35.087324722128855,NULL,NULL,NULL,0,NULL,NULL,19.854816
2056376778794099840,306.73471211022445,35.08798668477747,NULL,NULL,NULL,0,NULL,NULL,20.132702
2056377878308809216,306.9505871540435,35.05077030631948,NULL,NULL,NULL,92,20.858395,NULL,NULL
2056380661443849216,306.9212229185843,35.132269928102744,NULL,NULL,NULL,52,21.011831,NULL,NULL
2056381760951506560,306.7936948991398,35.09781944892334,NULL,NULL,NULL,93,20.007526,NULL,NULL
2056382070189045504,306.87296779682055,35.11857423726759,NULL,NULL,NULL,99,20.926708,NULL,NULL
2056382581289730560,306.77348571044865,35.11672841454424,NULL,NULL,NULL,63,21.04927,NULL,NULL
2056383066622838784,306.8294947307572,35.14862756707031,NULL,NULL,NULL,142,20.669516,NULL,NULL
2056383100985907072,306.84117955703067,35.16072806452744,NULL,NULL,NULL,61,21.061218,NULL,NULL
2056385020832678144,306.85163488307774,35.227257738403495,NULL,NULL,NULL,116,20.72206,NULL,NULL
2056390419611180928,306.14027905270694,34.72979319846987,NULL,NULL,NULL,47,21.209476,NULL,19.7117
2056391175518724608,306.1676749114396,34.77461665668836,NULL,NULL,NULL,57,20.40148,NULL,NULL
2056392137598209408,306.1092968592157,34.80453927044313,NULL,NULL,NULL,87,19.96809,19.529484,NULL
2056393889943620608,306.1424220249533,34.87185734562171,NULL,NULL,NULL,87,20.782654,NULL,NULL
2056395848448073472,306.3635835587369,34.856243938445836,NULL,NULL,NULL,0,NULL,NULL,19.89418
2056396638723549184,306.37262144756977,34.91819395808074,NULL,NULL,NULL,52,21.030983,NULL,NULL
2056397566431474432,306.5240696055906,34.94993619646894,NULL,NULL,NULL,111,20.895123,NULL,NULL
2056398906465178240,306.4916413924565,35.023130261602724,NULL,NULL,NULL,77,21.101393,NULL,NULL
2056399421865479808,306.29305703500154,34.92408552330102,NULL,NULL,NULL,95,20.679024,NULL,NULL
2056400658810747264,306.2979789144327,34.96127084708408,NULL,NULL,NULL,94,18.377197,NULL,NULL
2056400899334150784,306.31999833529557,35.014847571291774,NULL,NULL,NULL,48,20.858046,NULL,NULL
2056402033197741440,306.4068866121873,35.03752221251269,NULL,NULL,NULL,64,20.95753,NULL,NULL
2056402239360711296,306.4158770713443,35.06703793678514,NULL,NULL,NULL,43,21.255573,NULL,NULL
2056404232219394176,306.0528111933027,34.853970288347575,NULL,NULL,NULL,68,20.95253,NULL,NULL
2056404541463410944,306.0066805909821,34.839958966409284,NULL,NULL,NULL,43,21.092093,NULL,NULL
2056405022493411584,305.99245920432054,34.8951900852151,NULL,NULL,NULL,46,21.08162,NULL,NULL
2056405812771445632,306.1316679793734,34.9139040037852,NULL,NULL,NULL,63,19.22791,NULL,NULL
2056406637407262336,306.15438463473265,34.97877233351217,NULL,NULL,NULL,69,20.981241,NULL,NULL
2056407084083533440,306.05713291259457,34.95998373140306,NULL,NULL,NULL,43,21.157999,NULL,NULL
2056407255880493952,306.12463864821336,34.95995906673372,NULL,NULL,NULL,47,20.24286,NULL,NULL
2056407771279917696,306.12257950717634,35.04413983555263,NULL,NULL,NULL,44,21.134806,NULL,NULL
2056408527194170752,306.0251969060276,34.94394328822956,NULL,NULL,NULL,60,20.964582,NULL,NULL
2056409970301250048,305.94964945460094,35.0293209375981,NULL,NULL,NULL,0,NULL,NULL,19.90623
2056410176459640832,306.0712381038852,34.99883703431361,NULL,NULL,NULL,103,20.969744,NULL,NULL
2056410210821159296,306.05144544342716,34.993674211603896,NULL,NULL,NULL,41,21.237484,NULL,NULL
2056411104171230336,305.9916101246071,35.01911536232837,NULL,NULL,NULL,70,20.960043,NULL,NULL
2056411688286818304,306.0438747237468,35.07114703321464,NULL,NULL,NULL,121,20.932585,NULL,NULL
2056412787805265408,306.261098419886,35.01639634369673,NULL,NULL,NULL,49,21.506557,NULL,NULL
2056413200116498560,306.2652208669194,35.072160019326034,NULL,NULL,NULL,71,21.111118,NULL,NULL
2056413612437448832,306.1583063818691,35.04629167695604,NULL,NULL,NULL,142,20.553196,NULL,NULL
2056414333988302592,306.20510905948237,35.11405088587244,NULL,NULL,NULL,41,21.06945,NULL,NULL
2056415704081001856,306.27306813574285,35.1396708021655,NULL,NULL,NULL,41,21.234037,NULL,19.688734
2056415948896346880,306.26657856531034,35.16796943983101,NULL,NULL,NULL,0,NULL,NULL,20.080872
2056417593866584960,306.1770167786131,35.16931823094746,NULL,NULL,NULL,0,NULL,NULL,19.913645
2056418177982112128,306.07083930480377,35.16135668873732,NULL,NULL,NULL,49,21.12001,NULL,19.62421
2056421613955900544,306.5938161824411,35.01744777886955,NULL,NULL,NULL,35,21.221142,NULL,19.362207
2056422271089015552,306.55103549183553,35.04139747301494,NULL,NULL,NULL,94,21.020962,NULL,NULL
2056422339808613888,306.54186911421266,35.04859982820502,NULL,NULL,NULL,0,NULL,NULL,19.7328
2056423336239613952,306.6764638226825,35.0778317565351,NULL,NULL,NULL,0,NULL,NULL,19.64537
2056423473678970624,306.62852371685443,35.08394101038737,NULL,NULL,NULL,64,21.04445,NULL,NULL
2056423576758624384,306.62321478853823,35.0982675657551,NULL,NULL,NULL,0,NULL,NULL,19.722944
2056424470115106944,306.6381100899939,35.133706748820074,NULL,NULL,NULL,95,20.678726,NULL,NULL
2056424641907667840,306.5720340497149,35.14244074417246,NULL,NULL,NULL,121,20.826962,NULL,NULL
2056424676269445632,306.5792658247044,35.15248356130586,NULL,NULL,NULL,53,21.140339,NULL,NULL
2056425947577634688,306.52172209958644,35.10106033559962,NULL,NULL,NULL,75,20.985464,NULL,18.937923
2056426944016551296,306.43251260879487,35.15914410368233,NULL,NULL,NULL,81,21.001713,NULL,NULL
2056427356333737600,306.4594516637221,35.179268641738986,NULL,NULL,NULL,116,20.860361,NULL,NULL
2056430276904893184,306.7269156201291,35.20748816914283,NULL,NULL,NULL,86,21.07546,NULL,NULL
2056430517423102080,306.8129452624228,35.22975823258726,NULL,NULL,NULL,52,21.094948,NULL,20.172428
2056430861022254080,306.78812637853605,35.26184059531646,NULL,NULL,NULL,36,20.972548,NULL,NULL
2056431548212786560,306.7410446902556,35.27009247478291,NULL,NULL,NULL,52,20.651676,NULL,NULL
2056431994895955456,306.82933862532377,35.23711588069027,NULL,NULL,NULL,47,21.018839,NULL,19.606606
2056432407208775296,306.82465486830506,35.2816827059717,NULL,NULL,NULL,41,21.149963,NULL,19.66805
2056432471633540608,306.824119985614,35.29619423159293,NULL,NULL,NULL,61,20.887167,NULL,NULL
2056433025690214784,306.85404530640466,35.33735261946053,NULL,NULL,NULL,53,20.729525,NULL,NULL
2056433369278944256,306.75465551173346,35.30714202546638,NULL,NULL,NULL,44,21.017506,NULL,NULL
2056435018550645632,306.66604742458884,35.30865751003043,NULL,NULL,NULL,0,NULL,NULL,19.647179
2056435637025422080,306.56704580554475,35.32300228983628,NULL,NULL,NULL,42,21.080471,NULL,NULL
2056436392939564416,306.74253836721005,35.327833859638204,NULL,NULL,NULL,40,21.078247,NULL,NULL
2056440924127038720,306.4891604855241,35.259610039556826,NULL,NULL,NULL,83,20.932045,NULL,NULL
2056442096656300160,306.4471197492679,35.31926449754406,NULL,NULL,NULL,103,20.78159,NULL,NULL
2056444536197860864,306.2725068981226,35.34331308874091,NULL,NULL,NULL,60,20.981512,NULL,NULL
2056444879795683456,306.3300674281781,35.374197135602486,NULL,NULL,NULL,0,NULL,NULL,NULL
2056445051590728192,306.30078561295744,35.373540591570574,NULL,NULL,NULL,149,16.817194,NULL,NULL
2056445738788572160,306.4298368083777,35.37114306414352,NULL,NULL,NULL,43,21.082224,NULL,NULL
2056446112449811968,306.4173657876918,35.422082573068735,NULL,NULL,NULL,130,20.860193,22.194883,19.449335
2056446185465694464,306.439524074159,35.43625621875411,NULL,NULL,NULL,51,21.167841,22.22016,19.961847
2056446975739161984,306.4072513894682,35.44955548833629,NULL,NULL,NULL,65,21.040318,NULL,NULL
2056448315769421312,306.58384100676466,35.41583720835137,NULL,NULL,NULL,40,21.078802,NULL,NULL
2056449965032938368,306.63054002286134,35.46805300663916,NULL,NULL,NULL,85,20.864067,NULL,NULL
2056452885614678912,306.4251236822235,35.46925591751051,NULL,NULL,NULL,0,NULL,NULL,NULL
2056454874183191808,306.56544605183905,35.590734995434914,NULL,NULL,NULL,41,21.168873,NULL,19.312695
2056455600034155264,306.51481096741867,35.63437324648624,NULL,NULL,NULL,60,21.054504,NULL,NULL
2056456287222360576,307.9583773732029,34.26276932522509,NULL,NULL,NULL,60,19.883688,NULL,NULL
2056456596460887168,307.96821852698974,34.27666003412445,NULL,NULL,NULL,67,21.060904,NULL,NULL
2056457283656553984,307.9312596558852,34.28206366214394,NULL,NULL,NULL,41,21.218855,NULL,NULL
2056458967281878656,308.1076291505118,34.39072163122606,NULL,NULL,NULL,51,21.056454,NULL,NULL
2056459139080573440,308.11932520889167,34.407821798914746,NULL,NULL,NULL,75,20.636848,NULL,NULL
2056459448318304896,308.0933870317834,34.440740517160634,NULL,NULL,NULL,62,20.862782,NULL,NULL
2056459654476750848,308.04881671547224,34.402268201087736,NULL,NULL,NULL,149,20.404818,NULL,NULL
2056461372465277952,307.9466662293001,34.42763521719545,NULL,NULL,NULL,126,20.944138,NULL,NULL
2056461716061293440,307.8499886002346,34.39594078099316,NULL,NULL,NULL,91,20.91784,NULL,NULL
2056462265817989248,307.8965896147699,34.43118227395336,NULL,NULL,NULL,0,NULL,NULL,19.887241
2056462471975532032,307.91054883713946,34.46425906247522,NULL,NULL,NULL,152,20.578058,NULL,NULL
2056463949445658496,307.9096601095363,34.47276939957979,NULL,NULL,NULL,0,NULL,NULL,20.314426
2056464430481990912,307.9682241854598,34.50284496730997,NULL,NULL,NULL,0,NULL,NULL,19.820902
2056464774078798208,307.93807980592703,34.54049292812541,NULL,NULL,NULL,51,21.065514,NULL,NULL
2056464980245572608,308.1442807731171,34.410170103647424,NULL,NULL,NULL,21,20.003836,NULL,NULL
2056465048955582720,308.12788002535956,34.42839574180531,NULL,NULL,NULL,92,20.564959,NULL,NULL
2056466663863372928,308.1503218560806,34.52027799399984,NULL,NULL,NULL,89,20.856752,NULL,NULL
2056468038252833920,308.2576163560926,34.593841301766126,NULL,NULL,NULL,178,20.206753,NULL,NULL
2056468106972319232,308.25721700096244,34.59972402303734,NULL,NULL,NULL,58,20.194756,NULL,NULL
2056468656729088896,308.16009018039745,34.59822309005472,NULL,NULL,NULL,43,21.021357,NULL,NULL
2056468965965819520,308.25908491194224,34.62832898576116,NULL,NULL,NULL,93,20.976437,NULL,NULL
2056470065478178944,308.1252369597979,34.58602567763499,NULL,NULL,NULL,47,20.219553,NULL,NULL
2056471611666590208,308.15235028183554,34.619932380105894,NULL,NULL,NULL,0,NULL,NULL,20.163801
2056472127062589568,308.19095638887603,34.652090919137116,NULL,NULL,NULL,101,20.82877,NULL,NULL
2056472436300730240,308.1761884768296,34.673805264791724,NULL,NULL,NULL,0,NULL,NULL,20.034027
2056473089135354624,308.09883511081586,34.69476064694338,NULL,NULL,NULL,109,20.947159,NULL,NULL
2056475082000766848,307.7594782333457,34.506763984625124,NULL,NULL,NULL,0,NULL,NULL,20.155146
2056475837914016128,307.7880301894532,34.56080816299582,NULL,NULL,NULL,20,20.506744,NULL,NULL
2056476318951711744,307.84075283288286,34.54712217529943,NULL,NULL,NULL,0,NULL,NULL,20.009502
2056477727700562688,307.8858260342141,34.62649939604186,NULL,NULL,NULL,61,21.1397,NULL,NULL
2056477933858401664,307.8731951357051,34.63379553362498,NULL,NULL,NULL,99,20.907833,NULL,NULL
2056478861571024256,307.77795366721307,34.5825211886542,NULL,NULL,NULL,63,20.8742,NULL,NULL
2056479617486506240,307.6259323276853,34.5904590303683,NULL,NULL,NULL,0,NULL,NULL,19.842741
2056480579558995712,307.8011675273667,34.62773224447215,NULL,NULL,NULL,84,20.987133,NULL,NULL
2056480923155315072,307.8334482470757,34.63995870518631,NULL,NULL,NULL,59,21.096811,NULL,NULL
2056481266754136320,307.811504553805,34.68431893201569,NULL,NULL,NULL,55,20.98672,NULL,NULL
2056482572423219840,307.97038420756047,34.60234667374205,NULL,NULL,NULL,77,20.948761,NULL,NULL
2056483190899579776,307.9978498384237,34.652723008707056,NULL,NULL,NULL,33,21.162926,NULL,NULL
2056483495845743360,307.9886280766179,34.68525665668372,NULL,NULL,NULL,52,21.064966,NULL,NULL
2056484015532957952,307.8837924743621,34.683289817388925,NULL,NULL,NULL,56,21.049978,NULL,NULL
2056484084251179392,307.9302341747077,34.69208739085493,NULL,NULL,NULL,56,20.813704,NULL,NULL
2056485458641154304,308.1273218003939,34.76360495576523,NULL,NULL,NULL,0,NULL,NULL,20.605223
2056488791536283648,307.91393929869,34.82217888746651,NULL,NULL,NULL,0,NULL,NULL,20.176666
2056488997694748288,307.85316101417163,34.826931464594125,NULL,NULL,NULL,110,20.8521,NULL,NULL
2056489822327542656,308.01013829546685,34.84603206550196,NULL,NULL,NULL,61,20.90863,NULL,NULL
2056490062846562048,307.9839847058034,34.86608875365801,NULL,NULL,NULL,67,20.988832,NULL,NULL
2056491059278963840,307.9974790944188,34.92027978776812,NULL,NULL,NULL,81,20.781097,NULL,NULL
2056493601902546688,308.42155132734104,34.707650899112835,NULL,NULL,NULL,87,21.111313,NULL,20.466236
2056494529615186816,308.44592078195814,34.77958290084802,NULL,NULL,NULL,33,21.361195,NULL,NULL
2056494667060758400,308.3693205042587,34.739076060239505,NULL,NULL,NULL,101,20.969238,NULL,NULL
2056495594765403136,308.3900302348856,34.835620663167504,NULL,NULL,NULL,60,21.0102,NULL,NULL
2056495938362617600,308.2675108849788,34.71904727926789,NULL,NULL,NULL,82,18.650494,NULL,NULL
2056498717212721024,308.3812611018574,34.85996170789278,NULL,NULL,NULL,71,20.911486,NULL,NULL
2056500886166982784,308.5686326792523,34.86380302870729,NULL,NULL,NULL,61,21.248003,NULL,NULL
2056501057964494464,308.5169589485791,34.86289709177368,NULL,NULL,NULL,59,21.05569,NULL,NULL
2056501642081301120,308.4365185592208,34.869543869997024,NULL,NULL,NULL,60,21.04993,NULL,20.00579
2056502260555510784,308.50443391256886,34.934000050809516,NULL,NULL,NULL,42,21.05973,NULL,NULL
2056502672873858048,308.5713532067124,34.90788687549325,NULL,NULL,NULL,0,NULL,NULL,19.817896
2056502982111651968,308.6215675568888,34.9335656072764,NULL,NULL,NULL,103,20.889803,NULL,NULL
2056504287780259584,308.5565879152704,34.98393725414318,NULL,NULL,NULL,41,21.316961,NULL,NULL
2056504455282969088,308.5937532161649,35.02595063634759,NULL,NULL,NULL,42,21.182634,NULL,NULL
2056504562660062720,308.40792272340695,34.87452005647248,NULL,NULL,NULL,0,NULL,NULL,19.844414
2056505284213991808,308.48637368261933,34.94687559013598,NULL,NULL,NULL,69,21.101822,NULL,NULL
2056506452443778304,308.4260109072813,35.00574213372812,NULL,NULL,NULL,126,20.70501,NULL,NULL
2056506899121218816,308.51385967218386,34.988174439868494,NULL,NULL,NULL,60,21.112364,NULL,NULL
2056507551955622912,308.5651807676932,35.05425423927382,NULL,NULL,NULL,58,21.204672,NULL,NULL
2056508136071049344,308.4371542897364,35.03049538870451,NULL,NULL,NULL,54,20.868343,NULL,NULL
2056510124644001024,308.0936203894619,34.83563031101701,NULL,NULL,NULL,0,NULL,NULL,19.785418
2056511262808166144,308.23112952299624,34.887511011276295,NULL,NULL,NULL,87,21.046114,NULL,NULL
2056511365886011520,308.2475910881088,34.910229293844324,NULL,NULL,NULL,72,20.986528,NULL,NULL
2056512121801585280,308.2814964286177,34.96534102448423,NULL,NULL,NULL,44,21.208963,NULL,NULL
2056512362318491904,308.18875738960867,34.94977487280424,NULL,NULL,NULL,80,20.935513,NULL,NULL
2056512396677652480,308.21303626000173,34.93450979935132,NULL,NULL,NULL,99,20.986559,NULL,NULL
2056513358752696320,308.05757585870964,34.88320463767675,NULL,NULL,NULL,57,21.097364,NULL,19.941433
2056513461832255616,308.0599720674116,34.89690333354448,NULL,NULL,NULL,53,21.016994,NULL,NULL
2056514045946709376,308.120713295458,34.93734144799994,NULL,NULL,NULL,55,21.168163,NULL,NULL
2056514423904512000,308.0986060646976,34.979745419868784,NULL,NULL,NULL,41,20.99655,NULL,NULL
2056514561342822144,308.0127672036224,34.94228476272661,NULL,NULL,NULL,114,20.905281,NULL,NULL
2056514630061984768,308.0438070990709,34.958509975016966,NULL,NULL,NULL,157,20.776752,NULL,NULL
2056516451128135168,308.15990873562225,35.047698165745885,NULL,NULL,NULL,84,20.647121,NULL,NULL
2056516657287919360,308.1072932421004,35.01215307683275,NULL,NULL,NULL,0,NULL,NULL,19.90006
2056516760366928640,308.10229232964065,35.027954379372005,NULL,NULL,NULL,93,20.882172,NULL,NULL
2056517481920304512,308.12676564492625,35.08171249777628,NULL,NULL,NULL,71,20.85372,NULL,NULL
2056518031675467392,308.2933046416864,34.98761809200272,NULL,NULL,NULL,53,21.085495,NULL,18.814589
2056518959389516672,308.2790256190811,35.03235976333931,NULL,NULL,NULL,70,21.10057,NULL,NULL
2056519165547021440,308.26289053283733,35.04506975771303,NULL,NULL,NULL,61,20.985044,NULL,NULL
2056519268627572608,308.2669749066681,35.05783019241363,NULL,NULL,NULL,51,21.068716,NULL,NULL
2056519371705558912,308.2824779798042,35.07623300267622,NULL,NULL,NULL,91,20.879824,NULL,NULL
2056519440425049728,308.3365710494021,35.07211391934534,NULL,NULL,NULL,78,21.052328,NULL,NULL
2056519646585006720,308.3429542226012,35.09622279552835,NULL,NULL,NULL,0,NULL,NULL,19.899273
2056520539938401792,308.47025114342625,35.11411163374033,NULL,NULL,NULL,43,21.060413,NULL,NULL
2056521639455036544,308.4221220127868,35.16644833910006,NULL,NULL,NULL,69,21.017612,NULL,NULL
2056521811246226816,308.42767108395907,35.18089316235148,NULL,NULL,NULL,132,20.808504,NULL,NULL
2056521948685202176,308.36696348293583,35.182751695807504,NULL,NULL,NULL,43,20.912594,NULL,NULL
2056522017404665472,308.40743411858,35.186954993079134,NULL,NULL,NULL,104,20.875952,NULL,NULL
2056522189205341440,308.2457369127702,35.073872010486006,NULL,NULL,NULL,0,NULL,NULL,19.403988
2056522807686402944,308.2709844918625,35.127107226334275,NULL,NULL,NULL,103,17.516674,NULL,NULL
2056523185637748224,308.270626009654,35.15867959377141,NULL,NULL,NULL,0,NULL,NULL,19.963957
2056523426155820800,308.2249993381964,35.13057369447569,NULL,NULL,NULL,68,20.86417,NULL,NULL
2056523804113236096,308.2266728408771,35.14564408500693,NULL,NULL,NULL,0,NULL,NULL,18.249485
2056525315941387776,308.361958405134,35.235491964808176,NULL,NULL,NULL,104,21.019632,NULL,NULL
2056525934416632832,308.2639169752,35.25378872645927,NULL,NULL,NULL,102,21.035973,NULL,NULL
2056526415458966144,308.3151055272636,35.279211621268466,NULL,NULL,NULL,50,21.028646,NULL,NULL
2056526621612344448,307.6106716455937,34.60749496659334,NULL,NULL,NULL,126,20.734138,NULL,NULL
2056527343166847488,307.6816941347285,34.69320316710283,NULL,NULL,NULL,124,20.797005,NULL,NULL
2056527411886351360,307.65614717194927,34.683209070283674,NULL,NULL,NULL,66,18.037678,NULL,NULL
2056527514965567232,307.6641499908934,34.69167333271142,NULL,NULL,NULL,50,20.773153,NULL,NULL
2056527927283676032,307.5515444827438,34.66447631161405,NULL,NULL,NULL,68,21.022348,NULL,NULL
2056530534326540416,307.7287190898681,34.80343596793528,NULL,NULL,NULL,0,NULL,NULL,19.985277
2056531844293486592,307.5441358471349,34.77580187554982,NULL,NULL,NULL,41,21.172012,NULL,20.218782
2056534112036486016,307.6607367921862,34.88158950585811,NULL,NULL,NULL,43,21.264765,NULL,20.350685
2056534215114672000,307.6630758494855,34.88842874089095,NULL,NULL,NULL,155,20.698133,NULL,NULL
2056535761303436416,307.78849543703194,34.822778478086406,NULL,NULL,NULL,0,NULL,NULL,20.014212
2056539059837697664,307.8464238212532,34.96631822002489,NULL,NULL,NULL,156,20.676752,NULL,NULL
2056539403435811456,307.89269298634804,34.997382794656104,NULL,NULL,NULL,0,NULL,NULL,19.058712
2056539437795230848,307.8984333009098,35.005585909520065,NULL,NULL,NULL,136,20.813715,NULL,NULL
2056539678313405696,307.8702929564064,35.01234262559792,NULL,NULL,NULL,65,21.0129,NULL,NULL
2056540812184437248,307.74950562714804,34.99011731083455,NULL,NULL,NULL,249,17.457336,18.089153,15.63356
2056543664043634816,307.78626345445224,35.062551104977864,NULL,NULL,NULL,46,21.055147,NULL,20.052736
2056544213798678656,307.430969953551,34.78446486804927,NULL,NULL,NULL,317,20.446821,NULL,NULL
2056544312581588992,307.4777654292692,34.81622105812483,NULL,NULL,NULL,0,NULL,NULL,19.504045
2056544969712942208,307.46578647522017,34.854169630318914,NULL,NULL,NULL,40,21.05846,NULL,NULL
2056545725628086144,307.3857955483444,34.88968248517452,NULL,NULL,NULL,63,21.09126,NULL,19.782734
2056547649772566400,307.4967922541159,34.94929285461377,NULL,NULL,NULL,61,20.978148,NULL,NULL
2056554556080646400,307.58041047340157,35.0782649373301,NULL,NULL,NULL,87,21.043716,NULL,19.63957
2056555346354787968,307.7200964540811,35.09443079762548,NULL,NULL,NULL,0,NULL,NULL,20.033987
2056556686384729984,307.6778541835907,35.16106742805293,NULL,NULL,NULL,0,NULL,NULL,19.81888
2056561668546479360,307.60273110021745,35.30259619505014,NULL,NULL,NULL,211,20.771742,NULL,NULL
2056562012144395904,307.9441340036668,34.98429673811281,NULL,NULL,NULL,147,20.637415,NULL,NULL
2056562424462215040,308.0395115918132,35.03314781704955,NULL,NULL,NULL,101,20.952875,NULL,NULL
2056563592693618176,307.9800196946003,35.09808519780483,NULL,NULL,NULL,96,20.916676,NULL,NULL
2056564967083028352,308.09329577886683,35.15136291762521,NULL,NULL,NULL,79,21.047588,NULL,NULL
2056565241961002240,308.0278019771769,35.13048040503732,NULL,NULL,NULL,43,21.1568,21.249968,19.91757
2056572285708252800,308.14484806076484,35.262867677855084,NULL,NULL,NULL,45,21.16532,NULL,NULL
2056572869823644544,308.2510383697968,35.26931179374742,NULL,NULL,NULL,55,21.0755,NULL,19.54424
2056574278572011904,308.2041852573646,35.34124865478868,NULL,NULL,NULL,87,20.58715,NULL,NULL
2056574312932503168,308.1749460172741,35.348002606209725,NULL,NULL,NULL,67,21.103952,21.425608,NULL
2056574450369866880,308.22138283027675,35.339933310894956,NULL,NULL,NULL,44,21.029575,NULL,NULL
2056575103206252416,308.0934979899175,35.269714965067536,NULL,NULL,NULL,54,20.936836,NULL,NULL
2056575446802342912,308.0577816733758,35.317034548818796,NULL,NULL,NULL,77,20.947268,NULL,NULL
2056575481163994496,308.09090049874794,35.2833632431362,NULL,NULL,NULL,0,NULL,NULL,NULL
2056575584241278720,308.1038248628765,35.30573912921065,NULL,NULL,NULL,41,21.022648,NULL,NULL
2056575652964984064,308.1367147163,35.324930288989954,NULL,NULL,NULL,112,19.2332,NULL,NULL
2056575790401019520,308.08509109506144,35.324138722988394,NULL,NULL,NULL,58,21.123674,NULL,NULL
2056576752473871360,308.089860952745,35.37092131364505,NULL,NULL,NULL,68,21.006815,NULL,NULL
2056577882048837888,308.1917557102614,35.41119297228859,NULL,NULL,NULL,0,NULL,NULL,19.08406
2056578333020380160,308.1043327564659,35.39523970827917,NULL,NULL,NULL,140,20.491005,NULL,NULL
2056578710979028352,308.084823379748,35.43540552834457,NULL,NULL,NULL,0,NULL,NULL,20.57073
2056579432531827200,307.7922356516929,35.17523070188686,NULL,NULL,NULL,76,20.991482,NULL,NULL
2056580085368682368,307.8446041208506,35.233263684265225,NULL,NULL,NULL,67,21.0572,NULL,NULL
2056580600764278016,307.78568807558315,35.22718401990315,NULL,NULL,NULL,49,21.022745,NULL,NULL
2056581562840134400,307.88858783822195,35.24811560537666,NULL,NULL,NULL,53,20.806757,NULL,NULL
2056582318751030528,307.94255995235596,35.32414027316312,NULL,NULL,NULL,40,21.037256,NULL,NULL
2056585101888694528,307.64422872581093,35.3117691503052,NULL,NULL,NULL,65,16.204556,NULL,NULL
2056585617285600512,307.7313012379866,35.37884453461966,NULL,NULL,NULL,159,20.453999,NULL,NULL
2056588709662663168,308.0304376224679,35.38899844113095,NULL,NULL,NULL,53,21.197771,NULL,NULL
2056588744022416512,308.00479236889834,35.38383694017917,NULL,NULL,NULL,86,20.977306,NULL,NULL
2056589637374412160,307.9222232386845,35.42904049404161,NULL,NULL,NULL,88,18.140833,NULL,NULL
2056589839235762560,307.9616843328084,35.42941978928695,NULL,NULL,NULL,0,NULL,NULL,19.713963
2056590736885990016,308.056357348136,35.46602777617544,NULL,NULL,NULL,119,19.804054,NULL,NULL
2056595856488426496,307.9407732514138,35.56674576687128,NULL,NULL,NULL,77,21.067549,NULL,19.741606
2056597196523540352,308.6483021583892,34.981378447605906,NULL,NULL,NULL,79,20.38234,NULL,NULL
2056597540108443520,308.7099822984885,35.02149951822012,NULL,NULL,NULL,164,20.673002,NULL,NULL
2056598467823751296,308.6330481168099,35.066043743827485,NULL,NULL,NULL,70,21.282396,NULL,NULL
2056598777057483904,308.6851925622794,35.08660257749438,NULL,NULL,NULL,97,20.946178,NULL,NULL
2056599395532656384,308.7442779451189,35.081566381014454,NULL,NULL,NULL,0,NULL,NULL,NULL
2056599498625377920,308.7369155290182,35.10910686196375,NULL,NULL,NULL,72,20.365856,NULL,NULL
2056599670410486912,308.80759173184197,35.107233560085504,NULL,NULL,NULL,67,20.65268,NULL,NULL
2056599773492264832,308.8026635622575,35.1275021863873,NULL,NULL,NULL,102,20.954197,NULL,NULL
2056601113523063424,308.73230097891906,35.177825014864766,NULL,NULL,NULL,60,21.085527,NULL,NULL
2056602006874541312,308.6553649440301,35.127473448877154,NULL,NULL,NULL,113,20.93824,NULL,NULL
2056602384831729792,308.6286724998211,35.169321640207315,NULL,NULL,NULL,53,20.97291,NULL,NULL
2056602831510040960,308.541350384756,35.15590298085932,NULL,NULL,NULL,82,21.076115,NULL,NULL
2056603037679199616,308.56704469753544,35.159188594154614,NULL,NULL,NULL,44,21.159088,NULL,NULL
2056604034100846080,308.6714644391987,35.222643414882626,NULL,NULL,NULL,70,20.998533,NULL,NULL
2056604686935890432,308.61668600581686,35.2023306003896,NULL,NULL,NULL,0,NULL,NULL,19.633644
2056606336199748480,308.8843603384698,35.21095759750457,NULL,NULL,NULL,111,20.14687,NULL,NULL
2056607298286444160,308.79540096479286,35.24646084170922,NULL,NULL,NULL,28,20.477379,NULL,NULL
2056607401352929152,308.86654421739667,35.251712897029606,NULL,NULL,NULL,45,20.887148,NULL,NULL
2056607676229720448,308.8377757768881,35.26606946656911,NULL,NULL,NULL,78,20.938993,NULL,NULL
2056608432146812928,308.94181971619184,35.30826069587944,NULL,NULL,NULL,51,21.098156,NULL,NULL
2056609119340792064,308.89390398110044,35.30576921380063,NULL,NULL,NULL,115,20.817049,NULL,NULL
2056610081411419648,308.94257107246716,35.39887916312834,NULL,NULL,NULL,156,20.054293,NULL,NULL
2056610150132799104,308.7662156809934,35.24715183027196,NULL,NULL,NULL,100,20.814478,NULL,NULL
2056611077846714624,308.8007541447763,35.33474046223119,NULL,NULL,NULL,68,20.90482,NULL,NULL
2056611112203724800,308.80708426173214,35.345038233103715,NULL,NULL,NULL,93,17.937683,NULL,NULL
2056611352722935296,308.74676628127906,35.30809315433422,NULL,NULL,NULL,96,20.712614,NULL,NULL
2056611421444476288,308.7222527089959,35.31853572771054,NULL,NULL,NULL,52,20.936405,NULL,NULL
2056611455803519360,308.73728711299003,35.32548631373051,NULL,NULL,NULL,126,20.885115,NULL,NULL
2056611593242509184,308.6975739010183,35.33325325199558,NULL,NULL,NULL,40,21.332832,NULL,NULL
2056611971198246784,308.7643486880939,35.36051930513657,NULL,NULL,NULL,197,20.204823,NULL,NULL
2056612039919422720,308.7320419929207,35.352737586199076,NULL,NULL,NULL,42,21.237967,NULL,20.09306
2056612658394280832,308.8178734380839,35.36106905868699,NULL,NULL,NULL,100,20.5709,NULL,NULL
2056613719249370752,308.79527726921134,35.416140287695384,NULL,NULL,NULL,60,19.821093,NULL,NULL
2056614616910940672,308.4861881841067,35.16922181841887,NULL,NULL,NULL,83,20.964409,NULL,NULL
2056616300527363328,308.51163822159174,35.257885312272705,NULL,NULL,NULL,41,21.169191,NULL,NULL
2056616437976704128,308.469575570311,35.260283859651906,NULL,NULL,NULL,165,20.481104,NULL,NULL
2056616506696546560,308.46691836292734,35.2702433369861,NULL,NULL,NULL,0,NULL,NULL,19.545841
2056617331317507456,308.60808541639517,35.29658242675565,NULL,NULL,NULL,59,21.161913,NULL,NULL
2056617640555175168,308.6038009360485,35.332718567165955,NULL,NULL,NULL,152,20.71744,NULL,NULL
2056617984153956736,308.5668854115828,35.31402347242397,NULL,NULL,NULL,76,20.965582,NULL,NULL
2056618259032917888,308.55226027433116,35.349495431578944,NULL,NULL,NULL,0,NULL,NULL,20.325771
2056618293392085888,308.5248891610728,35.339480083374745,NULL,NULL,NULL,144,20.877552,NULL,NULL
2056618946227134080,308.4158570147503,35.25344134783483,NULL,NULL,NULL,83,20.89724,NULL,NULL
2056619358542666496,308.4115435070065,35.29784386294332,NULL,NULL,NULL,51,21.182333,NULL,NULL
2056620870370740352,308.40061505435057,35.35850404062309,NULL,NULL,NULL,121,20.898922,NULL,NULL
2056621454488506240,308.4560465623266,35.36252457361624,NULL,NULL,NULL,60,21.080511,NULL,NULL
2056621591926535680,308.4875723024186,35.39284370735386,NULL,NULL,NULL,61,20.943375,NULL,NULL
2056621798083002240,308.55884451473213,35.40295816861791,NULL,NULL,NULL,109,20.547794,NULL,NULL
2056622279119511040,308.44768515244476,35.386886139644574,NULL,NULL,NULL,53,19.778477,NULL,NULL
2056623138113049344,308.47596337563607,35.476614669415646,NULL,NULL,NULL,51,21.03177,NULL,NULL
2056623825307290752,308.6803092334288,35.40069797595462,NULL,NULL,NULL,103,20.83116,NULL,NULL
2056625985676180480,308.75235348784446,35.47180360486925,NULL,NULL,NULL,53,21.196218,NULL,NULL
2056626264848579712,308.8202899903433,35.49648416136131,NULL,NULL,NULL,154,18.861498,NULL,NULL
2056626299210390016,308.8194328519899,35.513949766138815,NULL,NULL,NULL,42,21.165806,NULL,NULL
2056626402287661696,308.767532980583,35.49983900292798,NULL,NULL,NULL,61,20.702765,NULL,NULL
2056626402290272128,308.77701222148886,35.50300792570682,NULL,NULL,NULL,68,21.022673,NULL,NULL
2056626574088956288,308.80668337297766,35.53814188275262,NULL,NULL,NULL,43,21.126566,NULL,19.862429
2056630869055462400,308.713322079338,35.61019027621727,NULL,NULL,NULL,64,20.668493,NULL,NULL
2056630972135246848,308.71916547281006,35.63110090687856,NULL,NULL,NULL,111,21.006283,NULL,NULL
2056631109572251648,308.6289450983133,35.59131245748649,NULL,NULL,NULL,96,20.806637,NULL,NULL
2056632239159597184,309.0455961044431,35.358820971368836,NULL,NULL,NULL,43,21.014309,NULL,NULL
2056632552687592064,309.0447032380356,35.387531599968995,NULL,NULL,NULL,80,20.899675,NULL,NULL
2056632582756862976,309.004511734203,35.38910541164159,NULL,NULL,NULL,91,20.896643,NULL,NULL
2056632621417092224,309.020098553308,35.397025583897275,NULL,NULL,NULL,249,19.71713,NULL,NULL
2056633342968974848,309.00957414642636,35.401812687352674,NULL,NULL,NULL,41,21.091377,NULL,NULL
2056633377321849600,309.01430128836375,35.40683957962279,NULL,NULL,NULL,51,21.056313,NULL,20.029837
2056633446038189056,308.99444604107885,35.42428504646771,NULL,NULL,NULL,117,20.952282,NULL,NULL
2056633755275205248,309.0299235380498,35.422216735025934,NULL,NULL,NULL,139,20.783628,NULL,NULL
2056633927074485376,309.0481394847541,35.457700092450146,NULL,NULL,NULL,52,21.073055,NULL,NULL
2056634098874684544,308.9929826813939,35.44818795255356,NULL,NULL,NULL,59,20.995167,NULL,NULL
2056634167605323008,309.0309312000416,35.46599698801006,NULL,NULL,NULL,84,19.994389,NULL,NULL
2056634339391208448,309.1145022741753,35.43330716669799,NULL,NULL,NULL,111,20.658573,NULL,NULL
2056634682991817856,309.09054671083385,35.463091892927125,NULL,NULL,NULL,43,21.065468,NULL,NULL
2056635576354592128,309.10509830732366,35.49890669255614,NULL,NULL,NULL,262,20.952694,NULL,NULL
2056637363048515712,308.9656678897636,35.49518595259438,NULL,NULL,NULL,76,20.63214,NULL,NULL
2056637981526374400,308.87331515573294,35.50640258184143,NULL,NULL,NULL,124,20.843048,NULL,NULL
2056638187682306944,308.942105780356,35.52979980386173,NULL,NULL,NULL,173,20.563896,NULL,NULL
2056638256404233088,308.9394645817237,35.54199406626154,NULL,NULL,NULL,121,20.90225,NULL,NULL
2056638840518629248,309.0438748106758,35.53403882950127,NULL,NULL,NULL,80,21.061031,NULL,NULL
2056639046675711232,308.9934286090628,35.53989332322295,NULL,NULL,NULL,75,20.700386,NULL,NULL
2056639527712032768,309.04154428773154,35.58412167264606,NULL,NULL,NULL,214,20.52518,NULL,NULL
2056639630792682752,309.04113308568833,35.60852546137033,NULL,NULL,NULL,112,20.996109,NULL,NULL
2056640008750474368,308.984206581637,35.592369669411426,NULL,NULL,NULL,50,21.202156,NULL,NULL
2056640043110200192,309.0006709240192,35.59952886315757,NULL,NULL,NULL,76,21.00785,NULL,NULL
2056640558504261504,309.0334539727942,35.639053061643004,NULL,NULL,NULL,73,20.945133,NULL,NULL
2056640695943265280,308.99443987839516,35.63316333731762,NULL,NULL,NULL,63,20.94937,NULL,NULL
2056641211342091136,309.1910672854018,35.54213346103919,NULL,NULL,NULL,76,20.996838,NULL,NULL
2056641314421137408,309.19346528179824,35.556640596967,NULL,NULL,NULL,45,21.131758,NULL,NULL
2056641417497364736,309.20245134260114,35.57701823093138,NULL,NULL,NULL,130,20.48813,NULL,NULL
2056642345220740736,309.12087267653703,35.59038309396918,NULL,NULL,NULL,126,20.115522,NULL,NULL
2056642443995959808,309.16033944511514,35.61987172629397,NULL,NULL,NULL,89,20.643967,NULL,NULL
2056642791886959360,309.2209861362334,35.64067339592282,NULL,NULL,NULL,98,20.71713,NULL,NULL
2056643960119181184,309.3166262966606,35.687952896280336,NULL,NULL,NULL,82,17.710434,NULL,NULL
2056644716033477120,309.24983222045404,35.71580635946173,NULL,NULL,NULL,94,20.874868,NULL,NULL
2056645231430875648,309.2802091531263,35.748332992987905,NULL,NULL,NULL,68,20.977215,NULL,NULL
2056645678107928960,309.09877307098384,35.65114976986363,NULL,NULL,NULL,42,21.120758,NULL,19.949512
2056645849903811840,309.1464810618397,35.65127258153365,NULL,NULL,NULL,110,19.289202,NULL,NULL
2056646434020227200,309.0827179225884,35.6571789849188,NULL,NULL,NULL,122,20.964888,21.504475,19.902042
2056647911490494848,309.196170196331,35.74461861087784,NULL,NULL,NULL,42,21.303959,NULL,19.961834
2056648083287961216,309.2542267492863,35.75995464370368,NULL,NULL,NULL,96,21.056887,NULL,NULL
2056649251519149440,309.19921906613723,35.80295797322886,NULL,NULL,NULL,104,21.0247,NULL,NULL
2056649354600248448,309.20335367351475,35.82611990073838,NULL,NULL,NULL,59,21.014208,NULL,NULL
2056649423317857152,309.1762119032762,35.81381689152531,NULL,NULL,NULL,42,21.202045,NULL,NULL
2056649526397111040,309.1816844499634,35.83368488466844,NULL,NULL,NULL,88,21.018793,NULL,NULL
2056651003866877824,308.8198054434224,35.58916523396641,NULL,NULL,NULL,171,20.925886,NULL,NULL
2056653198589902720,308.89308882754136,35.685924727001144,NULL,NULL,NULL,66,21.040262,NULL,NULL
2056653718286824576,308.96876683212145,35.734264773725776,NULL,NULL,NULL,51,20.9611,NULL,NULL
2056654371121967872,308.7383194722672,35.62729012910839,NULL,NULL,NULL,0,NULL,NULL,NULL
2056655504990936832,308.70562252031965,35.692751992306185,NULL,NULL,NULL,52,20.954563,NULL,NULL
2056656089105543168,308.7237326215148,35.72846567183042,NULL,NULL,NULL,70,20.937654,NULL,NULL
2056657016820449792,308.92302854912504,35.7757050745091,NULL,NULL,NULL,62,21.064241,NULL,NULL
2056657875815520128,308.7893871206968,35.7946704073521,NULL,NULL,NULL,50,21.203627,NULL,NULL
2056658563008626816,309.0196766929449,35.7099594650488,NULL,NULL,NULL,113,20.64215,NULL,NULL
2056658837887081728,308.98917392354457,35.73862948950134,NULL,NULL,NULL,86,21.06301,NULL,NULL
2056659318923730304,309.04492136463983,35.76400985987621,NULL,NULL,NULL,59,21.158989,NULL,NULL
2056660624593067136,309.0170513674879,35.84746290960266,NULL,NULL,NULL,135,20.942318,NULL,NULL
2056660933830219008,309.1322728997741,35.826100562497174,NULL,NULL,NULL,68,21.024908,NULL,NULL
2056661208708953088,309.1180575331998,35.85903511022198,NULL,NULL,NULL,166,20.908834,NULL,NULL
2056661621026531968,309.12399867387967,35.87946029008943,NULL,NULL,NULL,51,21.055593,NULL,NULL
2056661689746000896,309.16026866322056,35.89594158392287,NULL,NULL,NULL,61,21.092424,NULL,NULL
2056662239509478272,309.08245857276773,35.893848329333736,NULL,NULL,NULL,99,20.883884,NULL,NULL
2056662273860585088,309.05952073777513,35.88788425956313,NULL,NULL,NULL,63,20.545618,NULL,NULL
2056662411300120320,309.10701513349966,35.88778667958053,NULL,NULL,NULL,40,21.054058,NULL,19.952349
2056663132855295744,308.9648793457708,35.833149120396705,NULL,NULL,NULL,61,21.12509,NULL,20.255163
2056663407740307456,308.93632960691264,35.86835948888024,NULL,NULL,NULL,103,20.929218,NULL,NULL
2056664026208274944,308.9113194419178,35.845994519022334,NULL,NULL,NULL,83,21.019876,NULL,20.24206
2056665018349571200,308.93274925750217,35.93789267160838,NULL,NULL,NULL,104,21.010588,NULL,NULL
2056665022640594560,308.91874103992956,35.94363841186109,NULL,NULL,NULL,96,20.811363,NULL,NULL
2056665400596814336,309.0158179351967,35.91683847183847,NULL,NULL,NULL,92,20.799385,NULL,NULL
2056665812922300544,309.0954826291376,35.965317120547596,NULL,NULL,NULL,168,20.30531,NULL,NULL
2056666156511914112,309.0722594021297,35.99488314048081,NULL,NULL,NULL,102,20.931107,NULL,NULL
2056666190870812416,308.9812884573609,35.93068618162062,NULL,NULL,NULL,86,20.868093,NULL,NULL
2056666843705940608,309.01495334911493,35.996380088904985,NULL,NULL,NULL,89,20.749657,NULL,NULL
2056667290385012864,308.3250890635931,35.32588789307195,NULL,NULL,NULL,116,20.746683,NULL,NULL
2056668424257309056,308.2886681220233,35.39399693555635,NULL,NULL,NULL,74,20.973177,NULL,NULL
2056668527344637440,308.303549400097,35.395187830786206,NULL,NULL,NULL,110,20.86385,NULL,NULL
2056668733494159744,308.24004588438595,35.409535410405105,NULL,NULL,NULL,141,20.646341,NULL,NULL
2056669042731497216,308.31906521669043,35.44568939952236,NULL,NULL,NULL,58,20.72928,NULL,NULL
2056669729926652032,308.4259709906004,35.460915165717104,NULL,NULL,NULL,79,21.111246,NULL,NULL
2056670004804830208,308.4087450115448,35.49431591968774,NULL,NULL,NULL,45,21.140556,NULL,NULL
2056670073522832896,308.4654375972507,35.475660328421235,NULL,NULL,NULL,120,20.641724,NULL,NULL
2056670176603232896,308.480961406721,35.4903174485193,NULL,NULL,NULL,44,21.254519,NULL,20.120556
2056670279691287296,308.4724482363312,35.50374354712114,NULL,NULL,NULL,129,20.233196,NULL,NULL
2056670348402198272,308.43940030401535,35.50490410484871,NULL,NULL,NULL,52,21.082663,NULL,NULL
2056673818735205888,308.224597220919,35.573250171160744,NULL,NULL,NULL,110,20.905437,NULL,NULL
2056676223916004096,308.5164303940421,35.54121113681031,NULL,NULL,NULL,96,18.582733,NULL,NULL
2056677082910231296,308.5474777856853,35.62135649711389,NULL,NULL,NULL,59,21.035196,NULL,NULL
2056677495234169472,308.4386286035388,35.58941395136341,NULL,NULL,NULL,61,20.780668,NULL,NULL
2056678457300143616,308.6166217879195,35.64470291949722,NULL,NULL,NULL,101,20.938494,NULL,NULL
2056678938337062784,308.6243106191933,35.68051066550959,NULL,NULL,NULL,96,20.563906,NULL,NULL
2056679762970718592,308.52325554520843,35.696063051618495,NULL,NULL,NULL,69,21.17257,NULL,20.04728
2056682924066089600,308.5177326443431,35.73193983456723,NULL,NULL,NULL,44,21.138115,NULL,NULL
2056683061504795136,308.4689737900221,35.74869847681444,NULL,NULL,NULL,43,20.995443,NULL,NULL
2056683160289072384,308.4831851752401,35.762728003215365,NULL,NULL,NULL,0,NULL,NULL,19.58136
2056683851778264192,308.4475155881951,35.75259932496133,NULL,NULL,NULL,155,20.51644,NULL,NULL
2056684195375666560,308.4623509567081,35.788622285615936,NULL,NULL,NULL,60,20.83602,NULL,NULL
2056687283456238976,308.2421608615104,35.63507738629548,NULL,NULL,NULL,47,21.016237,NULL,NULL
2056689246257428608,308.2366548591502,35.767721848572904,NULL,NULL,NULL,52,20.742973,NULL,NULL
2056689727294137344,308.0661297598719,35.656995608374075,NULL,NULL,NULL,68,20.916111,NULL,NULL
2056690139611915264,308.0915583981087,35.68647969769058,NULL,NULL,NULL,53,21.084238,NULL,19.772133
2056694194060079616,308.3236136113269,35.77085279683975,NULL,NULL,NULL,94,21.035437,NULL,NULL
2056696667962003200,308.4693888729963,35.88479457110542,NULL,NULL,NULL,83,20.954838,NULL,NULL
2056696908480553728,308.4449909111097,35.88534035491416,NULL,NULL,NULL,42,21.263285,NULL,NULL
2056698489027103616,308.2271066265274,35.829972360966764,NULL,NULL,NULL,121,20.681614,NULL,NULL
2056701615764292864,308.291932100995,35.975856930452565,NULL,NULL,NULL,94,20.845078,NULL,NULL
2056702680918485632,308.68956334474865,35.73561762382411,NULL,NULL,NULL,59,21.040297,NULL,NULL
2056704055306340224,308.61703580782176,35.81125801771691,NULL,NULL,NULL,57,20.906975,NULL,NULL
2056704708141413504,308.7628206001422,35.79707158851159,NULL,NULL,NULL,45,20.809324,NULL,NULL
2056704879940114048,308.7742608992273,35.820036599756165,NULL,NULL,NULL,62,21.022137,NULL,NULL
2056705395336170752,308.834074469066,35.87222088361222,NULL,NULL,NULL,43,21.028442,NULL,NULL
2056705498417063552,308.7751573348679,35.859142476726916,NULL,NULL,NULL,0,NULL,NULL,19.167978
2056706391770265600,308.7568576236925,35.894391049248846,NULL,NULL,NULL,33,21.042622,NULL,NULL
2056706494850057344,308.7934870409453,35.909570933389624,NULL,NULL,NULL,53,21.066902,NULL,NULL
2056706701006386048,308.7375076649668,35.92105915276434,NULL,NULL,NULL,60,21.347692,NULL,NULL
2056707010244592512,308.6086025902445,35.82021445009872,NULL,NULL,NULL,76,20.09091,NULL,NULL
2056707663080619392,308.64629752588394,35.88223175897952,NULL,NULL,NULL,147,20.756413,NULL,NULL
2056707869238091392,308.6402465591227,35.88682149549762,NULL,NULL,NULL,95,20.891205,NULL,NULL
2056709346707796608,308.65247985341165,35.90004451576463,NULL,NULL,NULL,174,20.770388,NULL,NULL
2056709655944542336,308.7261567090621,35.93922340523546,NULL,NULL,NULL,127,20.834074,NULL,NULL
2056710274421332864,308.6333235219876,35.947456981864455,NULL,NULL,NULL,0,NULL,NULL,19.710352
2056710824181350912,308.6694713741261,35.99928994152537,NULL,NULL,NULL,42,21.331846,NULL,NULL
2056711408292827008,308.862320265759,35.90650528296194,NULL,NULL,NULL,40,21.126635,NULL,NULL
2056712129847420416,308.8788603638587,35.956020729099556,NULL,NULL,NULL,68,21.03934,NULL,NULL
2056712301645637376,308.8812433896598,35.988637284703,NULL,NULL,NULL,68,21.0282,NULL,NULL
2056712404722891776,308.80770674176483,35.93721085255687,NULL,NULL,NULL,128,20.75869,NULL,NULL
2056713057558792704,308.86827657673103,35.995781909424075,NULL,NULL,NULL,121,20.513294,NULL,NULL
2056713435516052480,308.84474795075874,36.03907013931073,NULL,NULL,NULL,107,20.8314,NULL,NULL
2056714431949594496,308.97386347166747,36.064084335749904,NULL,NULL,NULL,45,21.202492,NULL,NULL
2056714569388366848,308.8973034307138,36.01577110016377,NULL,NULL,NULL,69,21.007639,NULL,NULL
2056714638106870784,308.8778620849585,36.02749474979254,NULL,NULL,NULL,76,20.437815,NULL,NULL
2056716253015900288,308.813168314067,36.02318387381136,NULL,NULL,NULL,73,20.981642,NULL,NULL
2056716665331570816,308.81103765818125,36.07369762464825,NULL,NULL,NULL,54,20.94112,NULL,NULL
2056717215088454656,308.72603977278595,36.067104360625585,NULL,NULL,NULL,111,20.9043,NULL,NULL
2056717249452180864,308.70562337971575,36.07943221608014,NULL,NULL,NULL,22,18.73821,NULL,NULL
2056717661764859136,308.73715351889814,36.09945273760717,NULL,NULL,NULL,113,20.915066,NULL,NULL
2056718211520367104,308.82372631545996,36.100493745280126,NULL,NULL,NULL,73,20.980354,NULL,NULL
2056718898713871616,308.8864915444391,36.17227850098156,NULL,NULL,NULL,100,20.888765,NULL,NULL
2056718898715513344,308.8890606056788,36.167438351386565,NULL,NULL,NULL,64,21.094227,NULL,19.42164
2056720066946192896,308.4952500492316,35.880076234312654,NULL,NULL,NULL,86,20.902958,NULL,NULL
2056720410543762048,308.46426119306346,35.921653165053534,NULL,NULL,NULL,137,20.966742,NULL,NULL
2056722334689312640,308.5757047367491,35.98604251338838,NULL,NULL,NULL,0,NULL,NULL,19.805948
2056723429896414464,308.525594484553,36.02353570659345,NULL,NULL,NULL,45,20.188631,NULL,NULL
2056723812156299136,308.54999580111286,36.069050770322704,NULL,NULL,NULL,116,20.767792,NULL,NULL
2056724224475313536,308.5655917152938,36.1035225867804,NULL,NULL,NULL,42,21.222477,NULL,19.796516
2056724396273112448,308.5787528581855,36.117459241839896,NULL,NULL,NULL,40,21.153906,NULL,NULL
2056725220907230720,308.4604967147966,36.04671248862008,NULL,NULL,NULL,0,NULL,NULL,20.031782
2056725873746306688,308.3567515058319,36.05205088332411,NULL,NULL,NULL,49,20.890917,NULL,NULL
2056726286057552128,308.4359975589015,36.105401862755265,NULL,NULL,NULL,45,20.94778,NULL,NULL
2056728485082358528,308.53326566252866,36.19315295330379,NULL,NULL,NULL,59,21.191957,NULL,NULL
2056728863039781760,308.67311018192044,36.0697739124055,NULL,NULL,NULL,0,NULL,NULL,NULL
2056729275355601920,308.67891296351956,36.10756973312548,NULL,NULL,NULL,104,20.935226,NULL,NULL
2056729344075142528,308.6630860022399,36.124221009700406,NULL,NULL,NULL,74,20.344036,NULL,NULL
2056729344075926528,308.6551338948718,36.123027015056124,NULL,NULL,NULL,110,19.262918,NULL,NULL
2056731749262973056,308.8276141565028,36.227535446297225,NULL,NULL,NULL,136,20.783224,NULL,NULL
2056732127214576256,308.805732557779,36.27703460759318,NULL,NULL,NULL,119,20.946875,NULL,NULL
2056732883127465344,308.7984181794003,36.28195585149594,NULL,NULL,NULL,114,20.667221,NULL,NULL
2056734704194524928,308.5096160437846,36.23556276332733,NULL,NULL,NULL,57,21.01966,NULL,NULL
2056734802979347328,308.5560619108061,36.26455522192435,NULL,NULL,NULL,0,NULL,NULL,NULL
2056735838066349184,308.6505664763692,36.291759875599645,NULL,NULL,NULL,91,20.942207,NULL,NULL
2056736044223432192,308.72578751572365,36.30224733314587,NULL,NULL,NULL,68,20.771875,NULL,NULL
2056736525261587712,308.723859413999,36.36618118237812,NULL,NULL,NULL,128,20.924934,NULL,NULL
2056736903218290816,308.5934541138994,36.32618748043072,NULL,NULL,NULL,80,20.974333,NULL,NULL
2056737556053108736,308.6847577756705,36.399654762751645,NULL,NULL,NULL,106,20.873219,NULL,NULL
2056738037083659520,307.2366079796369,35.00908939769789,NULL,NULL,NULL,102,20.884487,NULL,19.72785
2056738896081196928,307.24239689359587,35.027824756381314,NULL,NULL,NULL,104,20.360378,NULL,NULL
2056740820224173184,307.39365794124916,35.15302002447536,NULL,NULL,NULL,41,21.182093,NULL,19.07643
2056741228241124096,307.287197178795,35.125418669536394,NULL,NULL,NULL,0,NULL,NULL,20.175646
2056741713575568768,307.36288331798835,35.18197094005363,NULL,NULL,NULL,0,NULL,NULL,19.744125
2056742813087376896,307.23962409039234,35.13759055226294,NULL,NULL,NULL,41,21.17805,NULL,NULL
2056742984882283136,307.2042775820136,35.143132215504494,NULL,NULL,NULL,70,20.950634,NULL,NULL
2056751536162815232,307.42415355159085,35.31258180179718,NULL,NULL,NULL,0,NULL,NULL,19.802437
2056754529756539008,307.3715376387671,35.417492709287714,NULL,NULL,NULL,0,NULL,NULL,19.658308
2056754701554655104,307.4407670335436,35.42015185876691,NULL,NULL,NULL,56,20.943918,NULL,NULL
2056754735912274688,307.450076669717,35.4395448468176,NULL,NULL,NULL,61,20.663177,NULL,NULL
2056756282098148096,307.11610697123217,35.254524380748514,NULL,NULL,NULL,130,20.423456,NULL,NULL
2056758103169397376,307.2184091482224,35.30686955452161,NULL,NULL,NULL,0,NULL,NULL,19.855036
2056758412402343424,307.2233160348581,35.33652739263776,NULL,NULL,NULL,118,19.61916,NULL,NULL
2056760851943905792,306.9581703644121,35.31000228081411,NULL,NULL,NULL,58,20.812328,NULL,NULL
2056762157618047232,307.0747080527874,35.367307576027436,NULL,NULL,NULL,66,21.047838,NULL,NULL
2056766413929648000,307.3918810175274,35.45533517747012,NULL,NULL,NULL,58,21.018751,NULL,NULL
2056770163432985088,307.17205847378835,35.52281352752556,NULL,NULL,NULL,142,20.694906,NULL,NULL
2056770988070714752,307.2292783857642,35.553620198060166,NULL,NULL,NULL,81,21.080046,NULL,NULL
2056771606546518144,307.3120785421042,35.60540957571691,NULL,NULL,NULL,65,20.913977,NULL,NULL
2056771950141344768,307.2385691751307,35.59167768991713,NULL,NULL,NULL,400,10.555931,10.465593,9.580382
2056772980937546112,307.6349285065825,35.350993870359325,NULL,NULL,NULL,0,NULL,NULL,20.087713
2056773565051445120,307.69462732986426,35.406255774308946,NULL,NULL,NULL,57,21.082933,NULL,NULL
2056774973798241408,307.60394203103334,35.483285426123196,NULL,NULL,NULL,85,20.884735,NULL,NULL
2056776829231739904,307.7258462995687,35.52859046106509,NULL,NULL,NULL,58,20.901913,NULL,NULL
2056783495013712000,307.8035427236809,35.64959791511585,NULL,NULL,NULL,67,20.362238,NULL,NULL
2056784285285848960,307.89566797730043,35.656264663969424,NULL,NULL,NULL,87,19.953138,NULL,NULL
2056785831479322240,307.8416764566617,35.728847580228376,NULL,NULL,NULL,50,21.290447,NULL,19.989649
2056786175075370624,307.7304742515071,35.625901506218355,NULL,NULL,NULL,51,21.060263,NULL,19.76286
2056786651814519296,307.73930746968625,35.65371327800554,NULL,NULL,NULL,97,20.764374,NULL,NULL
2056788614618634880,307.76665400603406,35.73810968005795,NULL,NULL,NULL,0,NULL,NULL,20.453499
2056789267451743616,307.8235792985322,35.79915341133896,NULL,NULL,NULL,151,20.654593,NULL,NULL
2056789782845140736,307.76282781601714,35.797129607109014,NULL,NULL,NULL,54,20.699127,NULL,NULL
2056791706993422336,307.42932904674075,35.59556420690696,NULL,NULL,NULL,0,NULL,NULL,19.710857
2056793184459903744,307.56595159710207,35.653095318481256,NULL,NULL,NULL,68,21.067839,NULL,NULL
2056793802937442688,307.4744988800065,35.66152300055556,NULL,NULL,NULL,42,20.959478,NULL,NULL
2056796620434635008,307.38207840722987,35.717428677329934,NULL,NULL,NULL,43,21.266148,NULL,NULL
2056797410708680448,307.4221714559653,35.74088835518181,NULL,NULL,NULL,68,21.120724,NULL,NULL
2056799850248502912,307.64757745224193,35.75824698103993,NULL,NULL,NULL,87,20.962252,NULL,NULL
2056801259001054720,307.59427539923547,35.834210344428,NULL,NULL,NULL,109,20.778032,NULL,NULL
2056801396436750848,307.6151130214816,35.866983328413745,NULL,NULL,NULL,109,20.796478,NULL,NULL
2056801740034114816,307.6912421457259,35.82786724054439,NULL,NULL,NULL,62,20.864357,NULL,NULL
2056801804463219200,307.68688810927875,35.831937488429446,NULL,NULL,NULL,157,20.489244,NULL,NULL
2056802530311337472,307.6575927562974,35.83024782712132,NULL,NULL,NULL,0,NULL,NULL,19.954996
2056802976988414976,307.67243891395907,35.889182649008944,NULL,NULL,NULL,45,21.039968,NULL,NULL
2056803286225563776,307.70636813393867,35.9143190535082,NULL,NULL,NULL,115,20.943516,NULL,NULL
2056803835981460736,307.53908203412175,35.83251775598776,NULL,NULL,NULL,0,NULL,NULL,20.02309
2056804145215004032,307.5270748916622,35.86312751352575,NULL,NULL,NULL,153,20.468954,NULL,NULL
2056805279090469120,307.5377456570659,35.88234787211471,NULL,NULL,NULL,61,20.99515,NULL,NULL
2056806722200106368,307.62778582252207,35.954876563004824,NULL,NULL,NULL,37,21.034765,NULL,NULL
2056806928357890688,307.57008696001634,35.92930199984332,NULL,NULL,NULL,77,20.88123,NULL,NULL
2056808474547359872,306.9219307180811,35.38896584943993,NULL,NULL,NULL,61,21.033539,NULL,NULL
2056808715059029248,306.9777938619491,35.39713894408091,NULL,NULL,NULL,53,20.642773,NULL,NULL
2056808852504480128,306.938428858759,35.40675295055143,NULL,NULL,NULL,0,NULL,NULL,NULL
2056809127380474368,306.8669207971092,35.37174403333773,NULL,NULL,NULL,0,NULL,NULL,20.039621
2056809470973339648,306.8432159188,35.409151741561715,NULL,NULL,NULL,113,20.525518,NULL,NULL
2056810089455064448,306.91127559853913,35.46943434543089,NULL,NULL,NULL,87,21.09381,NULL,NULL
2056813147474100992,306.9021960220343,35.494269614049536,NULL,NULL,NULL,97,20.800575,NULL,NULL
2056813491063241472,306.87531358497256,35.53991696521863,NULL,NULL,NULL,59,19.941402,NULL,NULL
2056814934181812992,306.9042991407726,35.555712452615936,NULL,NULL,NULL,42,20.849407,NULL,NULL
2056815655731266816,306.949366389953,35.623964540477125,NULL,NULL,NULL,80,21.063913,NULL,NULL
2056817408079019904,307.1443443770711,35.57759044198209,NULL,NULL,NULL,39,21.35827,NULL,20.414066
2056818713746184320,307.10705234156245,35.65306335799512,NULL,NULL,NULL,0,NULL,NULL,19.503124
2056818812530931328,307.0490244691126,35.64088032892955,NULL,NULL,NULL,0,NULL,NULL,19.47081
2056819435304651520,307.18375726966156,35.64730119781605,NULL,NULL,NULL,68,20.892982,NULL,NULL
2056821325086237952,307.0038257240139,35.623846287355065,NULL,NULL,NULL,56,21.007198,NULL,19.794378
2056823386673319168,306.99847709310205,35.767299024693735,NULL,NULL,NULL,0,NULL,NULL,19.865562
2056823455392615040,307.1059535461281,35.702897190211004,NULL,NULL,NULL,62,21.011633,NULL,NULL
2056823627188931968,307.1026207658004,35.734635091152406,NULL,NULL,NULL,62,21.046944,NULL,NULL
2056823764630642560,307.05716819170004,35.73218575156037,NULL,NULL,NULL,54,21.07066,NULL,NULL
2056825276458751104,307.09881975819,35.820093679730725,NULL,NULL,NULL,0,NULL,NULL,19.856867
2056827681635305472,306.73887175065585,35.65708710304281,NULL,NULL,NULL,0,NULL,NULL,16.203259
2056831529926076160,306.60200930561416,35.69916176767351,NULL,NULL,NULL,254,19.83626,NULL,NULL
2056832320200011904,306.73570767247116,35.72442608371722,NULL,NULL,NULL,70,20.953402,NULL,NULL
2056832354562357120,306.7570171118607,35.72287399123321,NULL,NULL,NULL,68,21.010353,NULL,NULL
2056832801239001216,306.7896197952488,35.7466296948186,NULL,NULL,NULL,57,20.968107,NULL,20.250505
2056833454071398528,306.7132239163354,35.76310971049082,NULL,NULL,NULL,102,20.97446,NULL,NULL
2056834759745822848,306.88379529450407,35.73498130604199,NULL,NULL,NULL,57,20.977554,NULL,NULL
2056835481301071232,306.9559287054883,35.81270934502705,NULL,NULL,NULL,60,21.021294,NULL,NULL
2056836821331249152,307.00727479627983,35.82232149248042,NULL,NULL,NULL,41,21.074062,NULL,NULL
2056836924407850240,306.9891786184154,35.823669989908446,NULL,NULL,NULL,56,20.986332,NULL,NULL
2056837194987649024,307.0540860189329,35.85021197441082,NULL,NULL,NULL,62,18.401508,NULL,NULL
2056837233645567232,307.027832332599,35.84608163547782,NULL,NULL,NULL,43,20.923607,NULL,NULL
2056839948064800640,306.79216867333776,35.838602771621886,NULL,NULL,NULL,61,20.980711,NULL,NULL
2056843933793536640,307.3355853639675,35.77819661954617,NULL,NULL,NULL,70,21.002626,NULL,NULL
2056844002513981696,307.3379339672514,35.786398417031265,NULL,NULL,NULL,107,20.982958,NULL,NULL
2056844930229068800,307.2587452111466,35.80522484163353,NULL,NULL,NULL,79,21.074276,NULL,NULL
2056845033308638976,307.29760383450963,35.831976733304266,NULL,NULL,NULL,0,NULL,NULL,19.205729
2056845170742868352,307.2518783966802,35.82512261259599,NULL,NULL,NULL,164,20.718008,NULL,NULL
2056845445629106176,307.37266077108967,35.802885223706056,NULL,NULL,NULL,45,21.11212,NULL,19.19899
2056846510772598144,307.30749348198134,35.83143480648996,NULL,NULL,NULL,114,20.68235,NULL,NULL
2056847537272787456,307.3480315575416,35.94274476818907,NULL,NULL,NULL,0,NULL,NULL,19.87607
2056847575930586880,307.34936413723705,35.94771598604653,NULL,NULL,NULL,41,21.242262,NULL,20.264227
2056847782085268736,307.2150203887101,35.82924096614618,NULL,NULL,NULL,56,21.00701,NULL,NULL
2056850084185554560,307.2403078785243,35.90387898254034,NULL,NULL,NULL,88,20.05725,NULL,NULL
2056852077050151680,307.42665803336445,35.88783413007934,NULL,NULL,NULL,200,20.593393,NULL,NULL
2056852145769613568,307.454669486512,35.90209825965936,NULL,NULL,NULL,135,20.603586,NULL,NULL
2056852970404086656,307.49407400386264,35.97384808304156,NULL,NULL,NULL,84,20.844097,NULL,NULL
2056852970411666432,307.4864296325816,35.97677247315124,NULL,NULL,NULL,158,20.683111,NULL,NULL
2056854825829197824,307.56210583242387,36.02105127405162,NULL,NULL,NULL,80,20.852512,NULL,NULL
2056856200219519872,307.4936326409546,36.099222100714705,NULL,NULL,NULL,79,20.89234,NULL,NULL
2056856303302402304,307.54453074312096,36.11958865156551,NULL,NULL,NULL,44,21.113825,NULL,NULL
2056858021285685120,307.3187286825036,36.08853880137401,NULL,NULL,NULL,50,20.977028,NULL,NULL
2056859636196882304,307.4742873203205,36.16605342638662,NULL,NULL,NULL,50,20.936092,NULL,NULL
2056860426470772608,307.4759738059154,36.198248702879475,NULL,NULL,NULL,62,21.122688,NULL,NULL
2056862728569477376,307.0713437104922,35.99694233244274,NULL,NULL,NULL,58,20.987219,NULL,NULL
2056863445831774848,307.1916522858419,36.024630486562195,NULL,NULL,NULL,0,NULL,NULL,19.318863
2056867779455285120,307.0669009474445,36.11411223957266,NULL,NULL,NULL,0,NULL,NULL,19.789404
2056869291279628800,307.10913900712086,36.21211219776686,NULL,NULL,NULL,180,20.610363,NULL,NULL
2056873173933548800,307.28877321429877,36.2255784386636,NULL,NULL,NULL,0,NULL,NULL,19.933678
2056873414452993280,307.3019990518028,36.27449504616664,NULL,NULL,NULL,96,20.939894,NULL,NULL
2056874376524877056,307.1521596323382,36.196161764524504,NULL,NULL,NULL,0,NULL,NULL,16.661718
2056875407315201920,307.121134964521,36.232536506511096,NULL,NULL,NULL,72,20.95532,NULL,NULL
2056877468900850432,307.25383452533094,36.33431800253452,NULL,NULL,NULL,157,20.838993,21.455605,19.808344
2056877846854765440,307.267998267598,36.33846132267501,NULL,NULL,NULL,119,20.949562,NULL,NULL
2056878430971392896,307.98898830093157,35.70732633546039,NULL,NULL,NULL,77,21.023916,22.06299,19.743305
2056879530483027072,307.937438594995,35.76341370198361,NULL,NULL,NULL,111,20.800123,NULL,NULL
2056879667926164992,307.95380693169983,35.774623863552875,NULL,NULL,NULL,68,20.875702,NULL,NULL
2056887944328308352,308.19586613433415,35.95914410194999,NULL,NULL,NULL,0,NULL,NULL,19.724302
2056889185569826816,308.10728846741097,36.003511270292016,NULL,NULL,NULL,0,NULL,NULL,19.825407
2056890182004629632,308.3019173080882,36.066729251225404,NULL,NULL,NULL,37,21.258158,NULL,NULL
2056890594321703296,308.1902673534509,36.03640260929465,NULL,NULL,NULL,41,21.14587,20.460342,NULL
2056890663040967552,308.22317891484676,36.0618070722,NULL,NULL,NULL,60,20.954859,NULL,NULL
2056890731755055104,308.2065783283142,36.06094758472595,NULL,NULL,NULL,44,21.00624,NULL,NULL
2056892449744978688,308.0916421304727,36.06043417619117,NULL,NULL,NULL,43,21.165926,NULL,NULL
2056892999497976576,307.9995608098238,36.058658147248764,NULL,NULL,NULL,88,20.723051,NULL,NULL
2056893995934018688,308.1639831444342,36.09808943749957,NULL,NULL,NULL,102,21.073126,NULL,20.18016
2056894476970329856,308.2093296087465,36.14284324370537,NULL,NULL,NULL,57,21.06714,NULL,NULL
2056895095448722432,308.11565589742554,36.15134606972532,NULL,NULL,NULL,133,20.640789,NULL,NULL
2056895817000169088,308.1198661171136,36.19518566491228,NULL,NULL,NULL,0,NULL,NULL,19.861622
2056897912945477248,307.7749811090191,36.00032414252725,NULL,NULL,NULL,0,NULL,NULL,19.922806
2056901177115927296,307.7710217922265,36.06136527940804,NULL,NULL,NULL,69,20.872686,NULL,NULL
2056901348917664512,307.75705790201295,36.06318411109091,NULL,NULL,NULL,0,NULL,NULL,19.704912
2056902792023625472,307.8064170400557,36.09612787397297,NULL,NULL,NULL,49,21.054827,NULL,NULL
2056904372576438272,307.81169421572594,36.18003386633201,NULL,NULL,NULL,49,21.235085,NULL,19.79438
2056904681809329920,307.8126251505043,36.213749922887295,NULL,NULL,NULL,76,21.051601,NULL,NULL
2056905334648753024,308.00915138523277,36.1185478982086,NULL,NULL,NULL,51,21.08203,NULL,19.953318
2056906502874440576,307.9593739040947,36.17130071652236,NULL,NULL,NULL,46,21.008299,NULL,NULL
2056908220864913280,308.0339516291,36.22297635842592,NULL,NULL,NULL,55,21.104359,NULL,NULL
2056909694038965760,307.87965358276847,36.223036620137975,NULL,NULL,NULL,51,21.162464,NULL,19.980467
2056910041934987776,307.915892906643,36.24561687540089,NULL,NULL,NULL,31,19.599134,NULL,NULL
2056912721991542016,307.9491902246219,36.34322108797102,NULL,NULL,NULL,46,21.173775,NULL,NULL
2056912962509735424,307.91431269097615,36.36150340389376,NULL,NULL,NULL,79,20.994898,NULL,NULL
2056913615346397184,308.3272485221988,36.08000983530672,NULL,NULL,NULL,0,NULL,NULL,NULL
2056915058449842432,308.2536050124719,36.14927617256226,NULL,NULL,NULL,70,20.878674,NULL,NULL
2056915195891627520,308.27437504339775,36.183208975754454,NULL,NULL,NULL,0,NULL,NULL,19.588747
2056915745653675264,308.3151662043574,36.22855550196597,NULL,NULL,NULL,79,20.676296,NULL,NULL
2056915814371592064,308.4232698875008,36.17521453864029,NULL,NULL,NULL,44,21.013271,NULL,NULL
2056917257477905024,308.34709332819347,36.25434090985703,NULL,NULL,NULL,59,21.293835,NULL,20.124163
2056917772871172736,308.3808048364603,36.28562839184527,NULL,NULL,NULL,37,18.640116,NULL,NULL
2056918185186081920,308.2433473806104,36.19511014237324,NULL,NULL,NULL,61,21.021358,NULL,NULL
2056918734945572864,308.29081842131274,36.2313538636081,NULL,NULL,NULL,0,NULL,NULL,19.77026
2056918769309104256,308.2978718067279,36.25642459155694,NULL,NULL,NULL,58,21.06711,NULL,NULL
2056921311925043584,308.27969339457314,36.31092434339629,NULL,NULL,NULL,51,21.09186,NULL,NULL
2056921346284787328,308.2693635059458,36.30415716693043,NULL,NULL,NULL,105,20.924507,NULL,NULL
2056921999119764864,308.3582745975804,36.372266591382115,NULL,NULL,NULL,65,21.113068,NULL,NULL
2056922067839250560,308.3398916391188,36.38327757198864,NULL,NULL,NULL,0,NULL,NULL,20.039299
2056922720673514112,308.4690515872689,36.288636582822754,NULL,NULL,NULL,45,21.00993,NULL,NULL
2056922823753418880,308.5115509488162,36.308749532292445,NULL,NULL,NULL,102,20.81506,NULL,NULL
2056923751467316352,308.42628660489066,36.318379551688885,NULL,NULL,NULL,45,21.0613,NULL,20.260435
2056923854545603456,308.4316028986488,36.33744873340971,NULL,NULL,NULL,114,20.862104,NULL,NULL
2056924159494307584,308.522154252458,36.36695485681875,NULL,NULL,NULL,0,NULL,NULL,19.98314
2056925778690096000,308.5363429602833,36.40757566632913,NULL,NULL,NULL,110,20.96978,NULL,NULL
2056927393603295488,308.44334597426695,36.39121319252806,NULL,NULL,NULL,198,20.698324,NULL,NULL
2057280302470666240,305.9566228227658,36.08243219832119,NULL,NULL,NULL,76,20.869987,NULL,NULL
2057282089181311360,306.01787860665104,36.14289199888398,NULL,NULL,NULL,42,21.09032,NULL,NULL
2057282840800129408,306.01572192455444,36.209169653184325,NULL,NULL,NULL,0,NULL,NULL,20.01541
2057283326131016448,305.6715857973003,35.91564422466203,NULL,NULL,NULL,0,NULL,NULL,19.75517
2057458388993921536,305.33923811952786,36.15896762002692,NULL,NULL,NULL,0,NULL,NULL,19.739492
2057458423352988544,305.3404872636631,36.162639650100346,NULL,NULL,NULL,57,20.894852,NULL,NULL
2057459351065093248,304.97852562473565,35.919992657046606,NULL,NULL,NULL,78,20.83114,NULL,NULL
2057460210059992960,304.9672010186656,35.95273790944185,NULL,NULL,NULL,0,NULL,NULL,20.062275
2057461481370482560,305.035223671438,35.99661299334765,NULL,NULL,NULL,49,21.276598,NULL,NULL
2057462855759528704,305.0521947946993,36.07336151248995,NULL,NULL,NULL,0,NULL,NULL,20.03347
2057463027557162624,305.0927590502903,36.111709014655915,NULL,NULL,NULL,46,20.537817,NULL,NULL
2057465741986074112,304.9914077142801,36.096757059453594,NULL,NULL,NULL,51,18.26997,NULL,NULL
2057466566611280640,305.0147168353637,36.16461366519457,NULL,NULL,NULL,51,20.991991,NULL,NULL
2057467803570259200,305.1475150446498,36.073905957346305,NULL,NULL,NULL,137,19.738092,NULL,NULL
2057468147159703808,305.14825009882696,36.1105655220696,NULL,NULL,NULL,39,21.12994,NULL,19.979763
2057469384108718336,305.151384060587,36.16280307898582,NULL,NULL,NULL,53,20.800413,NULL,NULL
2057469830787175936,305.16510971142054,36.22352854749691,NULL,NULL,NULL,53,21.047768,NULL,NULL
2057470483629825408,305.28578228938085,36.203489105543255,NULL,NULL,NULL,72,20.552223,NULL,NULL
2057472510845148032,305.0544350728602,36.20275566041814,NULL,NULL,NULL,93,19.881966,NULL,NULL
2057473094961185664,305.1130818207758,36.24772547236115,NULL,NULL,NULL,0,NULL,NULL,20.002962
2057473988315244800,305.0855451211888,36.28501249923482,NULL,NULL,NULL,50,21.140959,NULL,NULL
2057475225264463744,305.16287579905884,36.32712362523245,NULL,NULL,NULL,30,18.816607,NULL,NULL
2057475843741447680,305.1024325189984,36.34334751271404,NULL,NULL,NULL,0,NULL,NULL,19.953884
2057477218132798208,305.5707372991399,36.13897019991767,NULL,NULL,NULL,40,21.231068,NULL,NULL
2057477424290479744,305.5247452695094,36.144687699619304,NULL,NULL,NULL,76,21.094545,NULL,NULL
2057477596088236288,305.5513851996411,36.17143906617325,NULL,NULL,NULL,196,20.58836,NULL,NULL
2057477733527213568,305.47016947541226,36.131851684048655,NULL,NULL,NULL,84,20.89444,NULL,NULL
2057479451515631104,305.67334243226503,36.2334699071098,NULL,NULL,NULL,33,21.143064,NULL,19.797462
2057479623312987264,305.61414456200527,36.2357030443341,NULL,NULL,NULL,61,20.957071,NULL,NULL
2057480276148738048,305.56522045921446,36.25753453502537,NULL,NULL,NULL,0,NULL,NULL,19.054674
